<?xml version='1.0' encoding='UTF-8'?>
<?artifactRepository version='1.1.0'?>
<repository name='file:/C:/mule/mule-experiment/openweather-connector/target/update-site/ - artifacts' type='org.eclipse.equinox.p2.artifact.repository.simpleRepository' version='1'>
  <properties size='2'>
    <property name='p2.timestamp' value='1436884028499'/>
    <property name='p2.compressed' value='false'/>
  </properties>
  <mappings size='3'>
    <rule filter='(&amp; (classifier=osgi.bundle))' output='${repoUrl}/plugins/${id}_${version}.jar'/>
    <rule filter='(&amp; (classifier=binary))' output='${repoUrl}/binary/${id}_${version}'/>
    <rule filter='(&amp; (classifier=org.eclipse.update.feature))' output='${repoUrl}/features/${id}_${version}.jar'/>
  </mappings>
  <artifacts size='2'>
    <artifact classifier='osgi.bundle' id='org.mule.tooling.ui.contribution.openweather.3.5.0' version='1.0.0.201507141957'>
      <properties size='3'>
        <property name='artifact.size' value='241115'/>
        <property name='download.size' value='241115'/>
        <property name='download.md5' value='0892a2dc47bdc57feb56d941c0ffde1d'/>
      </properties>
    </artifact>
    <artifact classifier='org.eclipse.update.feature' id='org.mule.tooling.ui.extension.openweather-connector.3.5.0' version='1.0.0.201507141957'>
      <properties size='4'>
        <property name='artifact.size' value='10055'/>
        <property name='download.size' value='10055'/>
        <property name='download.md5' value='32fdd38f18aa549a4f221d4616eb6ce2'/>
        <property name='download.contentType' value='application/zip'/>
      </properties>
    </artifact>
  </artifacts>
</repository>
